ETF1,ETF2,RC_Pass %,Cluster #
VO,IWB,0.583333,1
VO,SPY,0.541667,1
VO,SCHX,0.520833,1
VO,SPLG,0.520833,1
VO,IVV,0.500000,1
VO,VOO,0.500000,1
DVY,IWR,0.479167,1
SCHV,SPHQ,0.479167,1
IWR,DIA,0.458333,1
DVY,OEF,0.437500,1
VTV,SPHQ,0.437500,1
RSP,DIA,0.437500,1
VO,DIA,0.416667,1
DVY,FVD,0.416667,1
DVY,VYM,0.416667,1